{
    "m": 0.358233797718321,
    "s": 49.458377338915895
}