{
    "m": 0.6829770563201687,
    "s": 35.82210399220897,
    "margin_power": -0.6636312745946746,
    "margin_coef": 0.34672360788274703
}